wallet_address,score
0xa66057a6b353bdf707d3f2c8e103997ef2fd4a84,100.0
0xfa22119a5c556641ce9ce49093e2163ffe0aacb6,92.41146119753707
0x4972f43dea286582c688b7343b3c8802729350af,91.98181127077682
0xf2d3d55e0ef4eab18fdd48ad3e505a49a1c85c03,91.42307230553665
0x6cf35dd90be3717bf155dbb5db99477b5d84e368,88.77552012152714
0x69d8414d216a7540668e97ec5be5c1be5936fbb7,86.75075941826772
0xf85fa2414a0647142c061cbaddb892ea91696ecf,85.32765744938538
0xfee91c8f1ce92972fb0ee2deee0883d30c577f89,84.06741826280283
0x79b56a1429a94e133ea30836b7bc298348f246a2,83.33238171676659
0x5c24e7e9b01ff1a67978552474daab247a1a36ec,83.29511525043456
0x11ca79b27da66d2dce6ba3aba408914e67394b67,82.24947736202431
0x02caa400b40cd1e7739b559575ceb559e15cbb55,82.2252208998041
0xf934a6007ce301280f9017806c2e2a75ae92a303,81.44563339234493
0x2541e794f25fa435e898310673107899ea521fd8,81.36982856106268
0x849bdde43e6cf02f8fbcdb08ff1374d1f1a47943,81.3617474686838
0x880528fcd57de9417913d9f28e49b60ea3413c65,81.27599486266901
0xb76445f2ecb07143a99f604598fd84994d221e07,81.20225866707952
0x9904024967becc735b95bb117ff1d5ef103af07c,80.93144180566063
0xf77a46c229fa299032dead8db01cceadb432b0b2,80.84444128995074
0x047ad85acfb13da6cbde4b6bed1dd5e97b8d2e71,80.77440974652076
0x3b62a412a606f0357198d4f362b511416a948d5d,80.66507024749878
0x2baecb8677c5e8348765fc3391951304b1ccec15,80.65495697801656
0xd73825f687a8e3bec6221738d902d6c5be836365,80.56322528662383
0x85a880f574266f7419d31ca4d1de09aedb0afc88,80.56283271351134
0x0358629bd27fa559b88d0f41ea3da28d057c3414,80.52911896973531
0xcac0f5d9bfdb6ee9f2d08db35dd888c0c34d6090,80.51820902299382
0x2776ef58c7f47808784b2fc4ee112491a606fdf7,80.50197237077941
0x2381d04faec28d5aad83eeb2de3675f3d73b84ba,80.49391333866548
0x3edab72359e7658078f4872b7e4827d7242923a0,80.48155434183887
0x49f6c3db51c1f4b6d70ffc3b8001fc69c56a7504,80.47144851816594
0xc39d34e038909a98996e01613200300d6b28fc19,80.4642503182948
0x0c7f50de76e83cc461101e4c9132af17ccad2d29,80.46050455575127
0x1df24622941c97840ba53e2b165d4bcd0d86464a,80.45004789010905
0x0934d4ebb59c79621f23cac6f59e72f1d0436768,80.44327832240896
0x5e68ff1ba096fe4bf00b6f28f3f7ba3fd20d027d,80.43348391193783
0x3924887060f83c417fa7d862105a9fa8033cd284,80.42405621294216
0x90e6eb4994199d7b8b16950ca2ee919db88cd98e,80.41100470718538
0x229574b90bbf1b48874ef35b10c8810ef41bf6f5,80.40850722058761
0xaaa4ab4966e54d856bf2fb33a850285b30ed45e3,80.40325917259686
0xf3d159b1c0fc460e609e2d33c1042c38c47ae825,80.37572616548704
0xb214577412599d22480ddc8d4798215be65b2321,80.36059605906182
0xaed614bf8e5a3d6e180536da05252d450ac7d3ba,80.36033360522639
0x650858987c1c9dede58db385c50649668e817887,80.35061509667348
0x93c0bf913fd98883f15475c4c727f4bbe39bbd37,80.34102060155077
0x4662a9eb18c34f7ca6af321ee735576348de0915,80.32904566772699
0xe1478cbf115c2d6bec1572e0e6a43a2dfadca15a,80.32020083091894
0x7a3f72668ee30813047a0fd2ed9e527e2bb9b916,80.31318245758678
0x7c91e058523263fd6577c7cc0852546b1e45cec8,80.30139350575354
0x47cd602ad02d7d7da808d1af05025e20ec2c7916,80.30136228343379
0x9ae7855cf6955a11784454cf5c2e391040c1c555,80.25460235406163
0xf1bce30fc2f7d67300d813ae91a63cee24238fad,80.24191016766517
0x3268de530db302f9a842614a465cf69f6971c8c8,80.236646461903
0x00000000af5a61acaf76190794e3fdf1289288a1,80.23161218645348
0x35383a799791dc2fe7e9f26517ab67e0b4677be5,80.23103098818825
0x252107583be42f12eaf532a03005e9892a3dccec,80.22844219174796
0xc520810c2cfe181ee294b4fa163ae36ca4dbac07,80.22675752937329
0xf84440dacfa8e3bdacf7f48409255d9f894f237e,80.21688451834726
0x8ddd5bdefdbd78ad3b056efbda882cd1ce3ac03e,80.19921417084531
0xe037cdde28ec42da5be8a5e90617e287a6ebb149,80.1979584973744
0x673f1a36dc40fd498b559717d8e02ac7d404ef1d,80.17741461535414
0xc29620835e6e5782427023cc3314badb2c3e90a3,80.1773177583301
0x9786ffff59000369ef7bac163f2e47767ceb60b0,80.17572595390482
0x4db1de1253d321f109d80b48738c9012638b699a,80.1740513152857
0x478afeb45241020389f3194cb2e9a6ff5e317733,80.16549315405751
0x8352c3bde58e602a3e18652616b17e62f5d81f00,80.16253898665217
0xa5561855d9d6c87e6f5ba1c6892281c83834c4a0,80.16237428741381
0x67732ffe913b96801cc50f6f758b6830c493212c,80.15732073549124
0x00000000b1786c9698c160d78232c78d6f6474fe,80.13458804881762
0xc7c281ab1d86897657078b75409b36ee1533420b,80.12574177878942
0xa090fc409a9f25bf8e28257d42ef6904590c8984,80.12146916889928
0x833a9a6002c77c9dd7518d80ae7d4e384b5f6bb9,80.11892018266147
0x1bd207f92d3a6164b361881a2feffd69d6791b57,80.11788212427925
0x50491bf5d8ea8d23aadeb482be496590dab34fb7,80.11749471578914
0xbb0c6801aaec048bb7a08ebd3e03b7db2bada307,80.11745206361545
0x5446fa23fbc7e0a53f6caadb752cbe9bf37476b1,80.10848858779919
0xbbebcfb89063c716983b374ecb76348af3716758,80.10496419109903
0x7d53cbf780f7112437541ee9987b76124a553be3,80.10442348574388
0xfea42efc861857a7f1b323f557fab5313fbeb814,80.10231029891655
0x306e044f46fb0ec06a5136104698d75ec0ab928c,80.10059062694135
0xc740d60f7185a7f315d480e84efad02e76153d2d,80.10043577743288
0x99fda0406450df9c37e6f3dd486f231c0dc0d27d,80.09899703735182
0x4e9f7f64bf918e741fe9dc4937002f93e22e46b6,80.09881743465492
0x7f5dcb103fec40f9ed4509753706f2f8a709ec3f,80.08914782719317
0xd9232966d86f1bcf771a5fa669d4df18066802c2,80.08702406964998
0xd78ab1bf27455512635d6a81f29f25bad1f6cfcc,80.08675580886731
0x70efb0a07a45915bad5dd2c8d7c0a98a7ef4717b,80.0844761189482
0xe82542051b5e3ef94ce93c7a0473082dd3932bd5,80.08321519106237
0xed32c816d60b37a72c1a14bf631d1fefae2b1aad,80.08277604902955
0x0f3c2476fbf0ed09dff00ea7f4ef252dcc72e6f1,80.0805690134275
0x31d0442d15e38660e31ee7f238b77c40d52a732f,80.06896017152157
0x44e45c4af784da8ac5455d4148ac870ab6fc72bb,80.06681902987827
0xa1998b821c37519889af52f95d1b9dd0d5167d6a,80.06430698802829
0x1483576c79df813ea7a962c260274ca7334b1a6c,80.063234235372
0x7ee38b6fe2c10aab32f785870061d263f50645ca,80.0627410595523
0x15f00c0a3fa0b3d54a3c075f5c572637a7ff8347,80.05965947713445
0x53440ceaaa0c6cde35f61fda0f6f6e661ee15d3f,80.05888576836428
0x57875ef0e6bdd9bb32ff033e80ed8479313a36c3,80.0567764494829
0x26868de5c3ae8f03adc6a5ba231445feba8b8bab,80.05511471746962
0xd62d928684983e5eae3dcdc5cdbb96b97bf740dd,80.05415090657445
0x17d24e22d64e85244030a06f6289ba8478d6f371,80.05333778054799
0x38caf77dfe8e588ec4179b8c395644312fc85c49,80.05169134181165
0xe264d4f4169ec460c86019b94e390d3957135b6b,80.05127179413108
0xd788bfbece9af495736999d72330a32ed87c235d,80.04858089668248
0xe1970f21b319b7bc493cb93a51adc17cdf6ad98e,80.04573145137846
0x36034cba5413c0678b8256acd0a87af4e9d0873a,80.0456628959637
0x74c746be5adbe0ab84d73b36db342120ff5b3da9,80.04566095203542
0x17d0f4c303566119f6c7198c5a8166a58277a388,80.04537648651294
0xb1c459e6a9af0f8b7e0f7f28adb0c9a17b7c5103,80.0435332770738
0xd22378cc7921111fb5197b3577444b725b9ffd1c,80.03822291384022
0xa4c72bf0feacb7e056511e417bde0423a7a048b8,80.03802798682499
0x89c15e1e3c53dd550c7ca64091d31db92bb94aa0,80.03790736647441
0xe38c63e23798b6894d98266e6ddbd0cbd5a6760a,80.03732676073567
0xcd06cb3e89b1543a5e04d925523621f5de02ac1b,80.03710749799032
0x1d46c1e9d8f39ececc3697d82c70341de38584e4,80.03702230955756
0x7d1d0f1f563830cb8a17da28cc6365a430aa4ce9,80.0358560726425
0xb85fc393f8d171a4b24a491f4648455de765a2e2,80.03497541367841
0x97e5fdbaed46017c6260d628865911ccba09b7a2,80.0346877171167
0x5358e8cfdc7f211b9a5aa95b7c5fefc7fbc92599,80.03417983783504
0xa6308eab4fc51b4d1c1213ef0628ada3c04ff47f,80.03255948429165
0x8362b7015ae765212f4910b989dc3cf982bf500d,80.02854073706071
0xdbc9454541a32fc0cc1b76cfc674a76aab6233a9,80.028149677494
0xa4880372268cce843463d9409ed4c5913d9f85b0,80.02766254167794
0x14770bf16355b692949c51c7a012c08b8342ce42,80.0272820302345
0xcb7d9a49e9120da3b25e816137bf5822d930da31,80.02691665331871
0x4d87523894d2f0d6315d21208c57b57bee4f39ee,80.02665661748053
0x7f7bbb19026b5eca0b6cdb96caa84923716532a5,80.02445827929141
0xfb3598b01066eb48da463c9b7732d49b5ca5c4b3,80.02392038344557
0x2b0a79fabf39ec286f4aa68b11e212ab9de2701d,80.02369648288882
0x80cd9d5765a8e19835f046978eba04401c8c9d69,80.02337887606505
0x4dfa960e7c36c493b268d32051edd63d019699f7,80.02330608681359
0x8c2cce20395c0688b671e8fdc5963e0923841df1,80.0232677263857
0x0d04556b9c8e69245c121bf29db3db7786cbfb9b,80.02299425270087
0x2e1c4eb65fc26857ba3fa44e460dc36a5294b3e4,80.02221800021492
0x2b32c3ecaf47ed3ad459565c472182f56414c9b2,80.01986473086725
0xa0a9fba984aa750c2531c47c446cc04a5f242cc3,80.01930506191782
0xe1b8052861e6ff41896d2a8360339614a555bc2e,80.01928572167549
0x6b425b98e44a16de3458697276fec45b313f6326,80.0191895533963
0x7b44ca459c7a52aad8ec1c1a7a40fd7f98151e0c,80.01874599750198
0xbbbe65bfe1346f39f893b5b701269d39a148a92f,80.01859288825962
0x59e9d88fcf6541c39e328105f6465d1f8c98a424,80.01852047076265
0x6e65205df912bf3c30c4f56b4c8d83fb963807d8,80.0185040697111
0x534d5598c179398bded432c41914ff1fdd8db54e,80.01831841065227
0xb95d9a1366f8997ecbfa65b8a80ad534a1fbf94b,80.01771883492336
0x49ae9459aa05f7d1a9869907e9657433a8f3a3a1,80.01727578823879
0xf138ca27b14ba2a63c4b2e1cd8d3d6325cd18da2,80.01695923684375
0xf225184a5412d93fce0fca522928c44bfb08dcba,80.01692212091821
0x8d99b4c39c26d693cb52e502bdf4918aca68c14b,80.01690255975996
0x9512e79aa38f53a6a758930400e2494bcb5bbf0a,80.01673253814528
0x98920f5bf3df95423508993dd69fdf41960465f3,80.0167293671659
0x00e36307236118b7d5ff9e1fa3a2506fd5257b8a,80.01632339173294
0x01a82218bce79c694e94d21452f1d86348f69b60,80.0162098786042
0xa8abe411d1a3f524a2ab9c54f8427066a1f9f266,80.01600750005296
0x9c4d592042f959254485d443bbc337d29572264f,80.01591057704314
0x1662e8191c6a6a42d5df46fe3b6f72ef9d24df01,80.01481298546972
0x7d09347a8cdb74b93a74f9b66668a596773f5fde,80.01478114630038
0x774488253379d317a81d01e9d101319b42743737,80.01416624855638
0xad9c22b131aafbaef76f05be5d3ed923c12a8526,80.01410726896835
0x28efc5cd51332ac26d4e970c216dc448ced9e6ac,80.01402982922116
0x0c484b5870faac1a5b129b229ba80a8d431097b0,80.01359757442444
0xf3d5e8f1cb8cc717661d6a8e692b60cdd1b45ca2,80.01304142302969
0x6cd22ebbb007fab7c330417d596459f97544bd1e,80.01251225791127
0x70e50675d449576b68c69d1e1e73fa7cd94062d1,80.01232666970742
0x076bdb45dda85ee32aea6eadbfab1a1e5e6191db,80.01173352196393
0x111bd7e99de77711794d44ae1a47aa7591806e7c,80.01141523800885
0x20b761611ca397f32a95ca3babd143cc2d97fbcd,80.01101857229854
0x7c81f6ef28412392b7f0771e903490131ab74da2,80.01098145896452
0x3c4d2b9774c2b60886b77676e7d175cac45ddbba,80.01018039803881
0xf998bb30305732b74aed922ee2eed696c9dbc760,80.01001005941447
0xc8139991210f48c6d73bcfdd4ecd67efbcd0c1ab,80.00979511523661
0xc465036522ed8dae5a168cfe8578246524bc1b4b,80.0096188953792
0x1f3813ef296a756718e76e898532258faa256a2d,80.00952216984527
0xaaafc4ead89a8f5f1d7daff95d59064cf7e41e77,80.009494831163
0xf40d4f2d352fb053f58733152c723f9d08a7cb70,80.00935508314531
0xf2759738327e7e1a1bcf628e1c42777e70d3b79a,80.00913666948165
0x876178d06b6f97a559e4c12a54d6106ed2750428,80.00912136580719
0x81456b2b14c559a765b6dac50fa048acb11203ce,80.00911476847044
0x3a241a2a5c474fc199e4f3d24565702de363ebd8,80.00892740919632
0x2565f8e0b33f2d3bb1c0e2dd5fbb972df48654c8,80.00871384631888
0x18456bfb605e238af478e4af64bf5a2b5304a31e,80.0087062716336
0xc9021c349f31f8354e3ce2730097743229e4af08,80.00855054813354
0x5893be5450e4129e9b6079188d5811a0926bf9ee,80.00837952311828
0x85591bfabb18be044fa98d72f7093469c588483c,80.00831063672734
0xef422dbbf46120de627ffb913c9afad44c735618,80.00826539469531
0x5bf506875dba9044bbe1a2fcce3d0b03b1d5f85e,80.00817624211605
0x7dcab6af4887aaf7474b979ba536b95a96edf9f6,80.00808612485109
0xbff7d223693f7a5ca8a348701565e951ab06e7a3,80.00806747900596
0x66d4aa4d07210444b05164965ac6275b37af1589,80.00791833407742
0x6fb323bc0a1c0e5991bfc2088b02b6185d8d4232,80.00784794841945
0x49a8af97336575cfbd6bc80333af825da7e58276,80.00755879624187
0xbf0bd40a0c635e4ae189cd98cbef770ad537cde1,80.00729957651757
0xc96256de575b5e82318796be4048557db06c5e6c,80.007186532589
0x01da73c4ec1355f953ad0aaca3ef20e342aea92a,80.00658676898811
0x39de56518e136d472ef9645e7d6e1f7c6c8ed37b,80.00614723327374
0x0385f650cc068367fcdc2f9f739766f82405fd09,80.00576936267525
0x605b3a9ceaaba25448e7838adfd52ce16a0761bf,80.0057602570986
0xdb4f7db91482ce3f8393db0725ef94ba7237bbef,80.00569132788384
0x1fc6386835eb73c7c3b16695f30611b1a71fc84c,80.00555230710333
0xb545bae0f17f78da1d7dce2bdca2aa5cdc5cc39e,80.00554187673946
0x5c92a28095fe9e3c1a0cf7e5c1679580830bbccb,80.00534067564047
0xdf164e23284e615ae14db1d7a8b5375ffd0ff65e,80.00530530831108
0x056d78b434906a7ce1027c3e13a8643c543a2a7a,80.00521947117151
0xea7f81180283be0f9f0ba1fce26a9ed3458923be,80.00521255920238
0xb4f76a20e05211991de6ac4cb4a219520caada0d,80.00516843073068
0x3c1cc48446b69d657db2192f246e2f5ca84e44dd,80.00484359608852
0x5c10afd2e8c8ae7e282aea60759209f32edfe3d8,80.0048382981884
0x62e2a91d14d6bae5797fb49bc47d035df81aaff4,80.00472857558731
0xdf93b5ec8eb9407f03ff14a2e2b3ee4196fcd8b0,80.00471147082116
0x6f59d07401bddcc9373779fee26dc407c45768ad,80.00465645228212
0x02224db71bfb1c1757345d618018da7c9414ae2d,80.00464400307406
0x7f8e903f0b33793ee3eb3e1c96f1202bba65221d,80.00463513776153
0xe17237a08987abaed62790ab095b5bd2fd7aaf7c,80.00451334434311
0x96c0e99de93bea54bc96f609ef4504cfc778fe64,80.00443323685799
0x6dae35861058ec52bb280322d130e3bb24dac9b5,80.00420593562721
0x5feddf802bbd8fa0b0abe55c2d223e814b900e7f,80.00415375843875
0xefc48c121d71b50b4620085bc5c5b5bcc18c422f,80.00351331791555
0x1ae5b658e34be3b4bc2f8b8fca8b2eaf37452e6d,80.0031725537791
0x762fa191596f0dafbf64d3a7bef03d404ee673ae,80.00316983372849
0x871a12b7ea019109565bb4b2cdce2a90c9952bb5,80.00310848006959
0x03a99d9235732d94a300bf7013acb11020484bf1,80.00309618433393
0x926e78b8df67e129011750dd7b975f8e50d3d7ad,80.0030714432979
0x0427723709c49041787a0d21279b17b4fd4ec890,80.00286352060125
0x0ae3a4258ce1b9b53d74f6f390c14c4010c81ad0,80.0028530046503
0x4955649e1c7ac48953c68ed498d07bc8e1436ca8,80.00284220456578
0x8ed07ba68608566b0e7f0134b768c6d45e07f526,80.00280484112521
0x4d4c9865e2ee09a0bff037e6caa86b5bce3e4c1c,80.00279327041297
0x2d1859106b1145bb911c5aee31e97d83f125868d,80.00275415874137
0x61fa3fa8774ffca94d9f71b755a2cb2617be5d35,80.00264475960884
0xb7075d2692933939d7aa7763ddc758b23d563632,80.00258240476767
0x3083c46eb15cc0c087a03f60269edf1de8186f38,80.00242170708238
0xfdd43923340736ffbcb31c808ac644922c1df05d,80.00235132047985
0x11966fd9273654925e0e37a481ffdf7f74567659,80.002176948435
0xe2248b5617335976aa25036690e30362a2b368af,80.00213786723495
0xb905601d2e857f20f912b1a8d9ad83a2d8fa3f4e,80.00213729401791
0xd4d74b8d4b29433aa9311964353978bdb9055956,80.00209272346072
0x0a1d0447cce6215e436d20c91a790767181602dc,80.00196342093753
0xe582794320fa7424a1f9db360a46446244065cb5,80.00195026621331
0x21359f9b50fc84caa592b8bd53e84be06a2658b4,80.0019440467901
0x49abd88df5ef935c5d3c2917074350c0fed654c5,80.00190403259353
0x2602a0dbd669455014960d1e0a5e9acff9ac84db,80.0018323176344
0x4be0557d4aeb1675a1d5316e8a437dc934cface1,80.00179537752398
0xbb2ccf0cd14c3f40f6ba915c7a146406d7df3461,80.0017377778848
0x4de53757d5b2d1906f2aec2fc23d09b800828821,80.00164049850004
0x029720a9b3ce72f3e1d9c79257e1f19afe20b6c9,80.00152900021766
0x5d594da5154a4236a4fd81edea808ba1338f3203,80.00150741862122
0x46613d101c6787b5c7ad01c0fd9a0cb5489cf4f6,80.00149585740175
0xeee61d4100c2a8fe0c3b3e9e9dd6b8afd2f2d40d,80.00144043265661
0xaf78e48e6a6f2efae99964aa5aeb4f7d58d251be,80.0014274500342
0x91b573666dc04741f3f0e845c4a40a647a10fb77,80.00139857851282
0x8148213c00a505f3e078cd1bec04a2c72c928d38,80.00134110979224
0x4426023bbeac104ea9f6f816c979f4e39c174957,80.00130262271622
0xb87f6a71692186469ed1ce5b164f3cb32caad715,80.00127855231794
0xff70fcdf952deb868414259676f065a513ee6ab0,80.00127315691554
0xd5cdf14af5477adceabca130caaafd6feca56937,80.00123006038689
0xca29358a0bbf2f1d6ae0911c3bc839623a3ee4a7,80.00122715621167
0xf84dc4cd6e5eb982cc6790d38842905a06174f8c,80.00113557985378
0x357bad6590cd50599e5c624947cacd917f6d96f9,80.00111816089533
0x02bd4446d6cd972a2000ba6b7960b5e87e88266f,80.00108934957642
0xad194e3e112255e12589c31d59c61088b53cd44a,80.00107137937131
0x94692b042a0e36671952ff0b71e43d6e0d06845a,80.0010589767615
0xbba970d718ca932cb5d38812ff6f93f3af9f71fa,80.0010228109022
0xc53e7d22f6cfcb20c01ed25620cf657a46ac01b3,80.0010064452017
0x0808898d835d51d720e384e8a856a2c671e78f21,80.00092352256834
0xd80703cd5b10836807514cd473d737bb5126659f,80.00090049559732
0x87491871e39688f917ab0674254416b61587d815,80.00082144388479
0xada3227eac864faa6c1f2e148b36467b740b936b,80.00080149725535
0xb535ac19df533873c2c640df6cd644cfbf8b5d39,80.0007851461249
0x01b1b62f15c8fb5a87a27fbac7b85c33bbc48844,80.00067563464181
0x2fdfb9694c66388e2a40844b8944d0ffed718cc9,80.0006465677975
0x48490177c625cdb69c6dd393b683df8233d8de85,80.00063060130806
0xd78d651210ea63e4bcebf5d99b545276e8acc51a,80.00055067550656
0xb60dd5f030b68beb38fea0c414771acda899fcaf,80.00054622142729
0xb09d9019c2a3afca71a241d643410fc811eba9bd,80.00053608128711
0xbbaac64b4e4499aa40db238faa8ac00bac50811b,80.0005329192766
0x820c1213562677697b2e470fdde2ebfef209664c,80.00051154329853
0x16fef600337e3b6b0d74dd13ea28d61fc84178fe,80.00048466564945
0xf8a027e44d0c3166676017f9f722e1f00edc5171,80.00046613031742
0x482fd6c368036a50297043ebd96a7169963618b9,80.00046549512567
0xa49540ffe2a10d803cfc4cd07bb4581e45ecfa9e,80.00046470623452
0x6168bb05ccb4aaded0169602bbb6e3cae12902c5,80.00046176287933
0xba2110528c0c6905ebda57c851d36f7f764a78b6,80.00045862933575
0xd72b0b5f4005f421f3c70cbf02e2f0aa3b497a86,80.00034900120855
0x682cd3e420f2bfacc633d289ef6f42d8543a6ee0,80.00034248405284
0xf47b25c9aa978f080995fdcd0d1b04ce274747ba,80.00030011224054
0x298afe764ceade43ba80ac4390195e8d9451d6ef,80.00025050520638
0x1955c2b76b1cf245795950e75eb176080879da50,80.00023725325657
0xe4397375a54b317e25290f894df100eebd605eb9,80.00022035313033
0xb08d63183ffddc614e72f18cdd28a75c6af98a97,80.00022022482314
0xb821a5da474c1baa1f3e3e6e440171cf08c7396a,80.00021876933819
0x84dca85b8024f776b10cec811a04c56d6cb6997c,80.00021347343008
0x7fcd2d4526bfa8a354c6363656936d36d1b7fe42,80.00020396225128
0x3acdfd4fa0238d44ce0ecaeeab515cd2796f24c6,80.00019634209376
0x2ef32af55bd079068f21627a84c23ff32547b763,80.00018332489628
0x6d10555e8931b873cc613a982afd653fa1c1f50a,80.00014323022334
0x5365f77de439a2f889b79af5654555845afe3731,80.00013549980527
0x1e038a97bbbc8c47be1dc0ab4ea203c6599e946f,80.00013453804544
0xde62aa2efc0a9fba1f3f0005d8d967a801e20a10,80.00012659217981
0xb4b1fb3a2e94845c615eb2fa0201b4e43fb38987,80.00011686968618
0xd015fb4e0c7f2d0592fa642189a70ce46c90d612,80.00011512519256
0xa2a8f8d113db565080adfaa6a9985472884cad91,80.00009132190407
0x2e1493555dbdb58bb61589fbee718286d7e690ba,80.00008776502496
0x394d18c518d4cf9492b23eb7fe3b77ae20d2528c,80.00008555712897
0x3566edf283ab350a1717f4f20ada7fa431091acb,80.0000820450844
0xb263e97547b3bedc9aa3214c0bc49c5985df26d2,80.0000777104606
0x2826c63a8d316f8fb8db3ad9e834aa7188010b16,80.00004566095204
0xaa0b577db9f0d5d1707af210804b4fb6da256c16,80.00004566095204
0x3c1bc615529d285d53284052ec58112db0f82ba4,80.00004263295806
0x8f31ff0047b1c89b30272c9f0e43db122b33fd8d,80.00003963342107
0xd2231b8955d72764c19d9c0288521cd3d0cdb2f7,80.00003807409261
0x7e242b04f21a997868ae952d977e473600b8e4fd,80.00003311217736
0x336b3c4c326c29b4f3ba0cb6c26ddcff15aeff37,80.00003157828984
0x6e4a388988252b9083963d0ed33aecb6eaa1df56,80.00001398451626
0xbee1cdb0de23afe4b81d41dfd2f956e4b611b694,80.00000959501268
0x3bbb022e77be7b7f64a40feabdd21928b7055613,80.00000944444847
0xf8e562f4f30c5dda0978857067d6585265da3437,80.00000914954157
0xbab495476180850151dad5c6627df09182625c28,80.00000696098647
0xe6135c108d49b6a5a6105853e10e0ee49678ff9f,80.0000065900306
0xb2bc5cb90bf85549b2043b9d1c1aef577e43f299,80.00000548725039
0x8c5fc43ad00cc53e11f61bece329ddc5e3ea0929,80.00000547679242
0x8941c9b0b9f2d38c272cf1aaffb472a19efc1d1e,80.00000533996779
0x0951ff0835302929d6c0162b3d2495a85e38ec3a,80.0000045660952
0x82d2f38590c103a11c860103991485d2954edde8,80.0000036262848
0xf23bc2d6e33840d61c9673a611a9bdcccd53bfd3,80.00000351702288
0xabaca9b14ab36667aa04ae7685644091faad5307,80.0000034110101
0x965736445e068f9f68123a15c55c87a673112566,80.000003214426
0x49c2e834d1f7549945f06a9ac8d6702d5f5c110d,80.00000254059552
0xe0eb642fda57ede15cfdd2f75f37acd6c8a3198c,80.00000247569116
0xc2fadfc3da92bf5c3f14a6c7bf670fd9791ddcfd,80.00000210952489
0x2d5f5de08ac579787cb59fa2b8fe4674c5fe5189,80.00000190679053
0xba3481444e4d9df34fb9f4c2aed1ee6435d0bb04,80.00000166982748
0x2b4f28baef7a09fd61d348925304938312093139,80.00000123467214
0x47dd04a8b5c1e3a908b7f263f40e4e6fa34e0648,80.00000090180384
0xcd5d14351d7d4559bf2972cbfcf3b24be3bc4183,80.00000075876542
0x0ac56b5c0d8d798e10bce16a43f5959d10416fad,80.00000005090739
0xb25de016514f6a74a83c74d2c179296813acb93b,80.00000002776642
0x0aed4ff1910347ad2e59e272389faff072f804ae,80.00000002571078
0xb599f06703b3c8eded14f4ae46d592d0c105f522,80.00000002264979
0xe57941d83cbe919d957922fae9fc819219564b83,80.0000000225935
0x2fa6ffc08f30866b4f6ec56f31f4e31b4bb91ada,80.0000000153528
0xe19b6cd50bae3b631f42df9923edbd78291b9dab,80.00000001463344
0x1df0d7bbd00b102c6395ea66bb0ef8b9cd97105d,80.000000014414
0x7bd4f19fba8f2fd5db576f7e904de53594128f8d,80.00000001293992
0x284bba664e81091f7cdf206e49de1274679ef3ba,80.00000000856528
0x7f2b694192d8067d509d0ee51aa969faf3495486,80.00000000524645
0x4d8815b45a57d8958cbffbd4eeb7780caadb65bb,80.00000000223281
0x6ebf73fdc5e9c245b8443e1de77638eb6cc379e7,80.00000000219092
0x0029ab135b5be72168bf80f140d60a9264dbd0c5,80.00000000202796
0x88856d6ce40d223177c0b345ca1f74a089bb672d,80.00000000200684
0xa1b3ff9b76512651194be37a669093fa64134b45,80.00000000200332
0xa8264b3dbda7896b945c4e9c8fcd520db63ac335,80.00000000165575
0x1e8ee48d0621289297693fc98914da2efdce1477,80.00000000140733
0xc4ffed5198aba912b1f9b6890779702c78062c44,80.00000000099578
0x0f31e524ca0c3812cccdca418bde8ee37dbdf9ef,80.00000000084896
0x26a6dc267e276fded7b40251c8fc08b1b40df367,80.0000000007859
0x37fd5b791a18a8a371f3f9bd2d83e530098053f7,80.0000000004663
0x4bac6b51cab3738131a19be3c8f94b2fe8dbc633,80.0000000004497
0xe2fb8221076737aa711b1bd466dad2422af092f7,80.00000000039816
0x0ccf129f454589e3fd25346cf46719c38286f851,80.00000000035102
0xad459aff1c6fae26569b6ccb8007f946fdfa22d7,80.0000000002718
0x4de24ec733289921e7d190834f8e5f935d5961a0,80.00000000026778
0x42d4006d0c9c68ce551855664fdedec07acf00c8,80.0000000002622
0x0c2f40619a50980cbc8af259da798820bb56d46e,80.0000000002324
0x2ec81a563d026e9109eed6525375a774d728ace9,80.00000000022267
0x1944881f87cad8da7420aa8024961ae21c722131,80.00000000018635
0x09f99809df6c952382d8d644154bb36974ab9504,80.00000000018476
0xfddc634939d034bda830fb7929e115747ebd9574,80.00000000018434
0x2b791991bdbae86b2d069d7164918d8d15860563,80.00000000015724
0x83c874dbc7708b4e457b5587bb67f73ffde59525,80.00000000015187
0x43b8e7de8212e6e1a4954405b665d482da1289bd,80.00000000011566
0x30d726d4b64fee8de4f5d94c53859daed2ae77f0,80.00000000011173
0x06f8f66648cac8bd39e9cce036094ef4dd1b504b,80.00000000010829
0x124dfab005c17c6ace04b04b6cc004417ed4af70,80.00000000010553
0xbc3a4d85428930fde7f1e7155bc57d00d9fa4455,80.0000000001006
0x64ec0b421a8e36420b83d0ee0f05698c19cbb02c,80.0000000000922
0x630698f9d679f232ebb044703163bd7c40663d0c,80.0000000000826
0x8135cf0154795e0dfc26f25a53d80ca5e05b2382,80.00000000007964
0x4becca336d9d7ab7aabddabc7985b26d683f15ea,80.0000000000714
0x5db8a9063d1b51dd98d3eee58fd26e1d500a34d0,80.00000000006963
0x221b8ee7556b33e09f6d024d7262bc9ca48bbccd,80.00000000006682
0xd5383dafc4a1cf9a6bf048c243aec54a473b27c3,80.00000000006575
0x26ec7fc8b97d013d3d0664ab78abcb401bf186f0,80.0000000000625
0x6bba2eeee03dd1837d225abca4680b6c483cc389,80.00000000005635
0x4e1e47a1cfe4695eeadf12549907247ff4b7cc85,80.00000000005389
0x1bfded976996dad83daedd66ceffc6d14a4e8e54,80.00000000005141
0x97944e369a1af4040816f157134edca8e9f82ecd,80.0000000000495
0xb3aad889bf41ec39571afa78aa5d9a26a05ddaab,80.00000000004941
0xce38eb60670e1c2b96b8f9413187d4e79ef7a79a,80.00000000004769
0xd8be43858a6eee7cf7490c17a887a780b5d06abb,80.00000000004623
0x108a8b7200d044bbbe95bef6f671baec5473e05f,80.00000000004562
0xfd459f811c0d61d0a75493d67237d651aaa09e28,80.00000000004431
0x2a5562c960b45e653504e1535b9c0f1399aa645d,80.00000000004422
0x1f63475e6aa6ad3cb182a2509264735f9db5b12f,80.00000000004421
0xd6f437d7a5bffb6d5949a683c4b1c9808f83f4c9,80.00000000004371
0x8e3825c9751991a459c10f0382d4bef12642e9f2,80.00000000004361
0x8f8b85b53d3bf723e62145c6ecc6915c0e488781,80.00000000004347
0x500b71fb64cc3acef0a1d54ced94fb85d14540c6,80.00000000004003
0xaf9e08f3020e624c945cc446e8759602049cb176,80.00000000003806
0xd7bda9d89e4a518f376442393086b9798b3ac743,80.00000000003662
0x669e01245cc4e8229d8c9cc753a4d14319877122,80.00000000003641
0xc8315afc044408ff3b56b84fe991c84fe0816e12,80.00000000003499
0x9cba7c9d2edb40cae14545ec65a9992c3f8265fd,80.0000000000345
0x3384d1e427597b16d7da467e25735e6b09e6863f,80.00000000003357
0xe366d4ee1affbe1510cdd4190c02dd0ea7eb2419,80.00000000003348
0x17e9c4926fed00a8a1bfafcdf06e17a3d5232524,80.00000000003321
0xd929864a0fe2750de4e32c72bbd4d2b650822ab8,80.00000000003284
0x698feffe74d0c7ebc0a835a6ae048035ac3e7a74,80.00000000003229
0x480b8b0e0291f72ede44553e82f2c1be219e7d8b,80.00000000003105
0x33b39c7f0086071491596421062ca5287e4b90fa,80.00000000002916
0xa4bce756033c95042c5778c565d322d55c3165ee,80.00000000002701
0x8f9e6dd01128cc3c148902ebfa648bfcb68ad1ce,80.00000000002603
0xd5b5b26521665cb37623dca0e49c553b41dbf076,80.00000000002598
0xdc914144d4b678cdc72d25fb60fe51add8810022,80.00000000002575
0x5dafafbd7acd662c909a9601120cf1d9f277e8ae,80.00000000002554
0x181c2d506b4aad984e3a98f09ac8eaf895671599,80.0000000000254
0x43decad5db1faa9df795ff24dd4fd548749a1ac2,80.00000000002527
0x74b70efb266b4a935fcef77a29278747ed64d4dd,80.00000000002497
0x3f62cb3a1a93043f7a9fbdd7029d7c907820b12d,80.00000000002497
0x22d9aaa23d00cfc72083ab5146225845960ead4f,80.00000000002497
0x266dbea5191f2450a73e8de991494c653cc35402,80.00000000002485
0x30813be2f6b834c26a32622dec46d4806fd91e68,80.00000000002481
0x5c92463ad419c1a1d832391fd285604f529c2670,80.00000000002476
0x82b5a0f4e695539a406b375608bfd9c5613dedad,80.00000000002468
0x8197ebca4f7a0918156f188f53c3a47381bbdb73,80.00000000002449
0x959112b5a6261447080a8bfa78e9505576b9f85e,80.00000000002441
0x4da037a0c68864f362c6569060b0012971ea69ea,80.00000000002436
0xc66a2b53b98e0184f2dbd3b2e6a4f4bf3283127f,80.00000000002397
0x3f071e45b25a8c7d457049620c76f4c800cc53df,80.00000000002379
0x6e56e7ff87b9d28bfa3eb58aff1c4ecc0955b25e,80.00000000002349
0xab954999c2147230ccf302513fdd88e37798f476,80.00000000002329
0x6512264566bf91efca43cad4e4495148511c9edc,80.00000000002305
0x23ea76bb624098dd9024146fb55aca118666dac8,80.00000000002284
0xe2b055e5336f5e95992891327cd1b60d3b7c6cd0,80.00000000002231
0x46ec6d40ad50da8402e34366e89ed338a222c639,80.00000000002228
0xc6db1db370fb85b72610947e536c3e7599b42e72,80.00000000002224
0x53eef249380fc47aa6ceb5931a6600b61ba64858,80.00000000002224
0x00f0d8626d734579be8124510308df52a8c738aa,80.0000000000222
0x0b83c6f9808f77041069c89f60fc162f623130ac,80.00000000002078
0x036d8bea55dc91e8d2cfc9ae0a4fd40d1cf30d30,80.00000000002072
0x825d634b9d22da526ceebda4fb7ad4d373cfe2ba,80.00000000002052
0x272250ae6c7b2f63f99ef8fa8e9c2bb71ee8029c,80.00000000002007
0x1abdf15f54f3f73c2a3b4476448dfd09a23d3e11,80.00000000002005
0x23169e7be944cd8fc9bee0a93f98d6ebaf5aa1d6,80.00000000002002
0x517b692d3a07215aea8be7a13a00af1d38158211,80.00000000001997
0xf0f2a1b89b5d26a080073ea567e3c9b264eb33a5,80.00000000001981
0xcbc0dd78aa9ff8e2e0fe910a22acbee17ea43c6b,80.00000000001955
0x641eb5a70734244421cf8c576538a0b4d617d333,80.00000000001924
0xcb7cd94df31c95b26cf5ffbe034756484d4cbcb8,80.0000000000192
0x4c4d962c26c0372229f7fa5760597acd52538cf7,80.00000000001897
0x1fa02e36cb086f2a89adba718c65db7085d16756,80.00000000001883
0x83bf595cc28722b5c4f9b34dedba90778a8fcb80,80.00000000001847
0x477f2acf9eb7f26db3ecbf3a667cffdc94ab3878,80.00000000001837
0x005019e7978826f415ba7ab77a2722e3063e0c87,80.00000000001835
0x744bf16425eac4e497a9a01e7ab9bdb0b9f3af25,80.0000000000183
0x8c50292e887f995cc7784e6bfcbd57d8e9ae9fb6,80.00000000001802
0xa57622bd59b70b38aa8b19c11b34d45f0320515f,80.00000000001786
0xa9995a0674202c246e4d896a6209675a2fd81e53,80.00000000001782
0x0c0b74126f0d4868750911d18ca74a174247ada6,80.00000000001775
0xc7d87bdee3d488fa794af7f7c1fd51fcde7ff856,80.00000000001722
0x14a50472c019f76aa6b2484ee50026215e4eb4e8,80.00000000001722
0x524802b34cb508be2062d02a6e1cf577c2e66fba,80.00000000001695
0x44d9a02ca555f13eb7296dff696fb4ec93270c56,80.00000000001673
0xe8ad549b9fdd90ac12dfbd03c99631515222bcab,80.00000000001667
0x3961b2278189a56f662c2e7120286b9e75ab3feb,80.00000000001666
0x43e2f47c9c38ffb943d6efa0771031306cb1bbb8,80.00000000001658
0xa4c8c34acc8690627757dfee632eae74654aff6b,80.00000000001656
0xe866ece4bbd0ac75577225ee2c464ef16dc8b1f3,80.00000000001648
0x520cf366149d9226f3fdfd876916ff8509418f80,80.00000000001639
0x152c8ae012c2a474d994ef494dcbe49993cb9ffb,80.00000000001633
0xef49eb3449fcce7353160ebe841e3bd92d4ad9a3,80.00000000001631
0xd71b307f28c307ba2e5681117631d356d0eb34ff,80.00000000001624
0xf55bd20163d3a0c45b2c14206f71d4eb8a126a0e,80.00000000001623
0x921ca244901a565ce8423cdfd2e4534c8281d0de,80.00000000001609
0x1a01ea6f99123f161554ae7d489976fb95d0309b,80.00000000001602
0x015c944de243cebcb9e3a26334e23b1261819131,80.000000000016
0x40c858f24071ccdf8dda069908ceb5a70d82d0b2,80.00000000001597
0x2a5bba14cb3b52a2d80ee21f2bd849271f645f35,80.00000000001597
0xba1d14dde6f79615a1d60a19e7e5c0a52d720b84,80.00000000001587
0xbd5b732a7cc8cd3846b3b965acdee17532407e2f,80.00000000001586
0x432af553927e974bff4b5bfea0a9b86a9a88b530,80.00000000001579
0x1ff2e262aeca4e06d5a8d0310d5db926701fa442,80.00000000001579
0x3f6e413e6b05634ab7f8785a297843ab45d36749,80.00000000001575
0x9fabe602d0ea4b157254f2850a67ec6d6cb4130d,80.00000000001573
0xcf7058370dc4376536a58e09d619b5ff2969516c,80.00000000001573
0xad505ff8d7085b42e0772e5221d2c07a920f0eec,80.00000000001572
0x52405eff99dd4c2015463dc511573344f2e2e8d7,80.00000000001567
0x7c0b67917305e69e763d49cbb183627eee8a6da5,80.00000000001563
0xe3ca73b637ce9280073f046a0eb78f15264013c3,80.00000000001562
0xa2366fbadab35051b6167f46b114a6c98240b9b0,80.00000000001559
0xa7a13659692239c143dae313a0116d5b5c18d26c,80.00000000001556
0x15655dbe66a1763f952a7dcbab98293b47450d0a,80.00000000001555
0xca100ed09ecb6c3bb68f91df785771321e66a193,80.00000000001552
0x079b9700296d82b54be621a6e11142a862017ff1,80.00000000001552
0x643e129a76b11813d5da23dfa4cd9d1130cea861,80.00000000001552
0xaf997affb94c5ca556b28b024e162aa3164f4a43,80.00000000001546
0x285d23ea20ab8138e63889669b091704a1787278,80.00000000001546
0x7a2bbe4c66f8fabd8cc1edd2f985216dc70d0870,80.00000000001546
0x011b33ff3a9ef588386288eb9fba0653737b7f2f,80.00000000001545
0x4e5979df67cff9e69082640eff449a34ba8a9863,80.00000000001526
0x688d0b153c7b74cdd20b54737a9aee6b4d86f160,80.00000000001512
0xd23180995e95af46e196e5e58b0c7a82b75dcfbc,80.00000000001498
0x5da581400c1a404811ab251680e24eb73f679f18,80.0000000000148
0xbd0da1ffead1832b420c41b220c7e9d4353ab636,80.00000000001478
0x9825ffce0b547474cdc71c97b361a8c6ee0127dc,80.00000000001471
0x7d26397accda839cfcbc0b618fbe6192af98ce96,80.00000000001471
0xcd967d373a32e7edbbade887d5abd9bdf61de504,80.0000000000146
0x99390bac1919423b87e8a8517ebf396866745c72,80.00000000001438
0x87a692bff2693d8f9c1b590dde644736ee28a13d,80.00000000001423
0x6f43578a5bc4c6c893bad3c1598b69d1fdfdc692,80.00000000001398
0xb97ae8dbedf49abfdab2988c8bfcd2ba96a6dae0,80.00000000001394
0xb6b6dc1798e58503f1598597f5564ade049e9a0a,80.00000000001393
0x712776ef954fe3e1dae806e44e55087231aafe9b,80.00000000001388
0x314f5c4756636c0ed347765ae3c1b235ea975e3d,80.00000000001383
0x9429695e1aace83232a140b38d7f265463f66f47,80.0000000000138
0xcb7a8524cea0f54b4588d00757006aef0e6b2333,80.0000000000138
0x076dc71fe4adebbdeddc1eae9492d63e19395017,80.0000000000138
0x2e5ac2ae43be5a671aa2e8fc0d0813d37a57da39,80.0000000000138
0x448f12f8e6398733de8e6818aaa288d44ef99638,80.0000000000138
0x15e96809719816657f898d3617df70a143be3868,80.00000000001378
0x3b641986b93ceb7ebd5512c3c46706d59cbd0004,80.00000000001378
0xefa9da601ab55727ff573d0a58fe5ca19de2e839,80.00000000001376
0x8fad7f1f7af62a5724df11510a380130f6468ba9,80.00000000001376
0xa320f07e67cc5e6008342490710e56d028c16a51,80.00000000001376
0x175e8ca2a7ad4f205688a6896daa572733e0b6e1,80.00000000001374
0x7dbb2136f35da2bf0debc62d80f7b4e59213a5ee,80.00000000001371
0x7283a28dd83b2230bb5b1dcdafd457aac15eab2d,80.00000000001371
0x80e7f0ac7cd653065a17c53ef3064332b4c20d4c,80.00000000001371
0xc71ad53ffb70b663653c9b3cee7a1cd7aa7a1b10,80.00000000001371
0x1f69dd3d567b22e88d74213f4ba7086a09f506b8,80.00000000001371
0x9cc47fe67488ea4c2b9ef31d78bf266b03ca770d,80.00000000001371
0x54628c2d6b5b7d9cdc34678592e0c05f6916d5a2,80.0000000000137
0xfbe558f5974e2d5a41e5b29c208216998a6a66d4,80.0000000000137
0xbb269dda52ec5d7d26abc2cfeaf1641456cab562,80.0000000000137
0x24904e4994e8913c07a29bcf0080b020f3d98072,80.0000000000137
0xec866fc6c8f99775a6ffca307b362cd85ce99255,80.00000000001369
0x5cf700ea04085f82a24beaee557a27c70739f960,80.00000000001363
0x74aca608e4147a8f47861b48ee2de9cd3ce8f0c4,80.00000000001361
0xcb0fa20674893605cd9f184d911fbea87089ce6a,80.00000000001359
0x846de36bce0904f6c166d34749c825816ca0dbed,80.00000000001353
0x63a447d92b414edcefd6ebef13cfb68b6650a49c,80.00000000001353
0x14559df3fbe66cab6f893d8dd53f7bfe68de9c65,80.00000000001351
0xa5c0ec91f3a4d24a699b37f9d08a1afc4c363822,80.0000000000134
0x7a9a648928de882ce51af79d0350d56d833a1b04,80.0000000000134
0xe19c93c8b77ddf06c9dd8e77d867d19920336666,80.00000000001334
0x441f58703a9104e0f1d6382737eccd3a3085d73f,80.00000000001306
0xcf8fcb37b7e4af7e2f79a6ff813b4d899ae70bdc,80.00000000001293
0x3c4ce0efa7f29410fe22a809607fbbaea448c4c3,80.00000000001292
0x935e1e1e40ddfec9aa5ede35d1cee8074adf0dc9,80.00000000001288
0x133105f22fdfbf06b96891c12e639c731aa726c4,80.0000000000128
0x38343fe4c5c9086d831f258ef1fac1a21394b4cc,80.00000000001278
0x6a6a49e99fa9f2097d381f2366736d6ffb2f8cba,80.00000000001269
0x287e2c76aab4720786076c3deedd7dd386092050,80.00000000001269
0xff770424739a77b8990632c75ed859b74c0ef749,80.00000000001258
0x03563b1025d43e08a9c1f503ffcf818d273ecf14,80.00000000001255
0xbf0df3de9a218a80fb7f81f86c49d6fb9ecbf53c,80.00000000001252
0x427a61a1aa5cf8ff995f0899062feddc9a86e414,80.00000000001248
0xfa5ec0f794d1a7b96b3ea6d8f8bd6474573db0e6,80.00000000001243
0x953b4c2aadb8d8bc24732fedea72a76eb497f70b,80.00000000001242
0xf741df22ac668cf55b8bfb40d52ca1cf99147c6c,80.00000000001232
0x62e2f894964197a2458d8e8276e43450e9f5b885,80.00000000001228
0xaacb53d9ada6825be17020a445c6e9c21a22fe34,80.00000000001226
0x8c2c81f2ee9d5bad6b8d940f8fddd9aaf66d7f18,80.00000000001225
0xa70c77b8b9ba4478852898427df19104335568b7,80.00000000001222
0x23d6f869c4a64f1e8be35c777fdc523cfabee9ef,80.0000000000122
0x55a3df57b7aaec16a162fd5316f35bec082821cf,80.00000000001218
0xa0d993c55dcf9c962cb3830fd8157cc9e0ca0c1d,80.00000000001216
0x8969104d64543b8ff0b4b8c9d534b8cb77931bde,80.00000000001212
0x0781050bdcc5c4e82a80ed3f35da82be35fa71d3,80.00000000001202
0x1147359f0bee7e5e43e473a6d8fa11e79af0faa3,80.000000000012
0xa8502b841d9fcd5d2a4c7439a13e87796aed56a1,80.00000000001198
0x1af86eec2d46160b784ab7f4ff9c62ec7294d762,80.00000000001184
0x11a99951266188d6bfb50535a7f866222eca5e2a,80.00000000001182
0xaaa09547b6d026b0dd05917a16a38afd771d63bb,80.00000000001181
0x0029f0f679c51341d2bb0925f3fbb0f7ceef86d1,80.00000000001174
0x37ded015a56e4f302f38d39421806c9d52c55e29,80.00000000001158
0x37963907072ca1db9fa5b207f323a69f0f454fa7,80.00000000001141
0x615029f82e1844f2719c723f66e26aeb3e9b780e,80.00000000001135
0x2988983d105436843757ce8e45be5b3af3736445,80.00000000001134
0x108a73722089a7861215355a4d3b6a448d9c04ca,80.00000000001131
0x4f62b37b30ec6bd8a49e8c8a6328a3b4c725a418,80.00000000001125
0xc9b46cca8f4ff545090fc20267f7bd9167e0d5f8,80.00000000001124
0xb5c0f0ff448c4891e04fd88ff77e634e8c9d6e7b,80.00000000001107
0x40b46a4d61cdf850c1c28320d02f7ee0696dcb67,80.00000000001107
0x189ecc863e6b562aeca816044db1c2e830998d7c,80.00000000001087
0x1f5940217d05cc35db9b49473d5f68dea3caffa3,80.00000000001079
0x3014028c3b3940364bc2e99c4c987f98ea299c51,80.00000000001077
0xa3a2885eed7ad99ec1fdfde19de176ca469d285b,80.00000000001073
0xc37b24541b22054a272a66d714526b0f7f631f3a,80.0000000000107
0xe0a3b31b404098d1f33d12e1753cc7a71d0b987c,80.00000000001067
0xc3f14b71586339912d5407208e3abf6311f79d33,80.00000000001052
0x10aaa246861b94fc22b3595e89a91da6e752113d,80.0000000000105
0x9e46ffd82439c6c6017541bd4ae9986b64eab5a2,80.00000000001049
0x49e325b1d06b6df1eb3a4fefd772f9ea58a3dda1,80.00000000001043
0x4f31a624a3efb2bbd76ea5e1c20aafc51f22a82b,80.00000000001029
0x6e8ba6a1016e8a4ef4f6a382685e33f224d0ad73,80.00000000001027
0xaef45be72308caeecc58cbb748ab9f5da78885e9,80.00000000001015
0x7044a3e6bf3baf4f0d2f8884a2ee4e2d838f8902,80.00000000001013
0x72782b9ea7f51bb96a8d0cf90b1293021a6b7a7b,80.0000000000101
0x78ef9eafc1cd56199cb05a7044fe143bc9ef6f45,80.00000000001003
0x5fade194f53e40a4088a8d8f28cccf45795467ab,80.00000000001
0x32c73b3354e7a54e4a78c3cc179c949ed75b2525,80.00000000000986
0xeb23e02024b8b98dd988d39482ec4bc6d329199d,80.00000000000976
0xf7085e76b02b6718a261a9b935339c1092383c1f,80.00000000000975
0x4ec7cdf61405758f5ced5e454c0b4b0f4f043df0,80.0000000000097
0x034a4081df0c5a039d05113a7d0b334083a7b084,80.00000000000968
0x8408efe166b12f3f7b15bbaf6c8817893aa4f29a,80.00000000000968
0x543699eb4e7df6263a5e78a14857b179fc2ce8fd,80.00000000000959
0xd59515ed5d580246e82e90ed2673d78039ef8fc6,80.00000000000959
0xd64152ea2446bb23d04a1c54bc358adbde154574,80.00000000000958
0xeddc40555769e0a4d6e00ff55b9d37cd6ed8c3ce,80.00000000000955
0xdccbd329480ddd9c45d25387e38c05b026a81b1e,80.00000000000952
0x3b4ee01feddb2e1f4cd4ddede2ea907801da80b8,80.00000000000946
0xe73994936adb5e412a08221cb6f4d316c9bd2085,80.0000000000094
0x433df22167f45f896456e90cdcb3369406b928ab,80.00000000000938
0x43baebb562fc5c5faa19b29be2a95e12449bde44,80.00000000000934
0xb100747560a78d6628e36e9b93cf7f318e85c312,80.0000000000093
0x6f90ad258dd692f94ca700057dee30b0419b9a70,80.00000000000928
0x35d47f5fe53a8a6866cc9b8821c77df567048238,80.00000000000924
0x359b6c27782302e770f8bec40fba9954f476b080,80.0000000000092
0x248d09b842142ed5e4ec79d95e62baa46bfb7738,80.0000000000092
0x263cf535d2659e10e02a90897dab00fdfa8671d0,80.00000000000918
0xb9c1cba1c34b400b631bd72480040e302e8c705d,80.00000000000918
0x59db8690274565b01bc1df87320c2eed05b757da,80.00000000000917
0x0858dc1ca7b5558d4784a042d5c88e741a258845,80.00000000000914
0x3db0a80c86caa380b7bf225300b31e0b8554af0a,80.00000000000914
0x372cc010c6677434739398463c6bc11e995ebf26,80.00000000000914
0xc373decd953ed7e4fd78f4c39aa41a44448fb6f1,80.00000000000914
0x57daaba153b3e891c053534f101be6ad7bb2be49,80.00000000000914
0xb97d56feebcd2d8ef7c17d2123164fa3bddd97e7,80.00000000000914
0x22d995aa562c7190aabe89cd07e90b8a95676d70,80.00000000000914
0x9aaaa02c5665fc388b87334125712f0ee2d7b075,80.00000000000914
0xa6cb51849b34b899635b4d8be5b33070a84a49fc,80.00000000000912
0x708f9bca8c74c685367b0f883af5e1e888afe2bd,80.0000000000091
0xa3c59a1fa80e256a88a1851b3f82f6ff5a64780d,80.0000000000091
0x5d7f5c2401b7a6585d64f9e764b673298817c68f,80.00000000000902
0x17e00485b4123a7f2110d9164a986a5cf50cab3e,80.00000000000902
0x99a2a587ece87222490c76342a8fe2e231ca82b8,80.00000000000897
0x9a0dca7c6cce30ddf1ba6a5e114727b244a762ae,80.00000000000877
0x02deec8b09d4ec879d4e6793e496e6b58a7d723d,80.00000000000875
0x49e5b74e1468aa954811d61c8c073d2375f82b38,80.00000000000874
0x360d7365f4fd9f0ea7a59cf13b7739731b7d4ace,80.00000000000873
0x57b36394a80b0e2e2facd9230f82c83b4dda12de,80.00000000000873
0x9ffa9cced03b6b0bda116ab14be5ceda2db0e9dd,80.00000000000867
0xd6cef349faa5341e5686202650534d563763222e,80.00000000000865
0xc2d45a0285a3087284b43c2c500f98863dc1bf00,80.00000000000865
0x74b34df05e6f5c6b0aaeb1909b02dfc1e479ea4e,80.00000000000855
0x40b3efb53c0f11224b9cb10d7f97459e1c5df58d,80.00000000000853
0x03f35bf158c39de0d3a9e59c60cd5dfdd89012d6,80.00000000000843
0x7dac5dcc33e665640546d2db1d3fe88b27e0082f,80.00000000000843
0x3b630da2ce608c893d0d006f63fc08b7c3e38c2a,80.00000000000841
0x687528c008f78cc62eed8f10665cf0a62bd92c03,80.00000000000837
0xa0f1aee861430d8a1e1de094d3b756a573b244fc,80.00000000000834
0x6a06a5ed081990f4313c03aabc70f5874aa43f89,80.00000000000831
0xe5f502bb779651f36b2c7d48d74bd0cc398bf9a7,80.00000000000819
0xe424139de0197c257c85582d3c838de641c825da,80.00000000000814
0xc47cba36c20812bb72176a8151404b69c6dba1a7,80.00000000000814
0x64cb6dc67d8b7159a93a33b5dd2c2d7133d33a78,80.0000000000081
0xf16d75faa453755891196fdc08819bc5527d5806,80.0000000000081
0xd8c076b3bf3032c6e06ccf60e5b35d22fb416e15,80.000000000008
0x22c1557bf1d7f2d52e118d8fdcbdb3ff1fb64958,80.00000000000797
0xb9a8deae8115c7d7b8aed2ce4610c54e023e964f,80.0000000000079
0x29e791cf9a09bd02ad1c13d5421e785f882470e5,80.00000000000787
0x42def6ec5cd9162a2f78501672adcbbb9edf69cd,80.00000000000786
0xe5028a74ea002005611274859fc94ea7eb1c332d,80.00000000000786
0x9c0cb93ee323e2a1960e1242121d3e33560db0f0,80.00000000000782
0xd1aa72049a8819e651f2d8d2b5007cadb96cef42,80.00000000000776
0x8d6301853a4e75134c3a0f813252155036edb879,80.00000000000773
0xd7ce07db3ae169b56d96234a118d4d0e89d29127,80.00000000000772
0x9ffc1780c1f9a446b347cb63b67afcfdbdc1372f,80.00000000000772
0x9f48fe3ec6620e93fd90ce0a64e1d403502597f3,80.0000000000077
0x0554a200988cf265b3aa35436a903d51fac47112,80.00000000000766
0x6e34906b39def92249dda1de642fc007e2176dea,80.00000000000766
0x5344b6f835270829eef6ab84dde0152ede416408,80.00000000000756
0x951a6f6e32e99c36fd2d7d08af1c01f4ba95a8dd,80.00000000000755
0x3c019229b2dc7fac4b725040c86d12aac48e31d3,80.00000000000755
0x0fc48d12086c4e5390598f28c0ea4cf514f8a662,80.0000000000075
0x03e294fe1d45a28139972c4e38bc813eb827e62d,80.00000000000747
0x77d2a33ec11db0a14b5fcd9aafa4fa34e509f689,80.00000000000747
0xa3082ff319d7a19b666cc64a176276e22025153a,80.00000000000746
0x7409956e1d10a00ea425722565790e2c77c40ad2,80.00000000000739
0x51ae6386cc3ca6fd0cbb01dd47baf4969e5f80ce,80.00000000000738
0x6c5b4efe8f9177a6adae9c9eeb0df4550639174f,80.00000000000738
0x043e318a6c11970e3f7950dff7bf51657337db2c,80.00000000000733
0x0295016e281b8389e095e1d9cdcbbe1fd4abcf53,80.00000000000728
0xd0e44af301a899f299b7abf6bf3824f1f222f6c8,80.00000000000726
0xc43f964622440356da60bee2d543a4023a8bcff8,80.00000000000726
0xf3d6c27401acf73c795f49adc13d094e53f4c4cf,80.00000000000726
0x8cc7355a5c07207ef6ee188f7b74757b6bab7dac,80.00000000000723
0x6e9fe041e0ba8c2af35215d900d188d53d7a9b41,80.0000000000072
0x0ad59c344359fdf8472e7ffbf4eb6af4751138da,80.0000000000072
0x3070f20f86fda706ac380f5060d256028a46ec29,80.00000000000719
0xa18e6359c9c35d6faee72b141757d7bdeab3ebc1,80.00000000000718
0xcc845d2fa9e9b82bfe4338c435b3074b27927f1d,80.00000000000718
0xafbcc39f474baf9596c1135522810d5f409dde0f,80.00000000000716
0x39dab51b477cdadee45191abf283ec8b3e4108a3,80.00000000000715
0xd2faab4093f16dec322825a448248dabc9b9c263,80.00000000000713
0x2e13c8f1e1d66919d04f12e49fbc4a3c03d286d2,80.00000000000712
0x63171073ceffe448a9324687d48d016ec3d8b4c6,80.00000000000712
0x51b9d5d8b4c1b86f4dae48336bb89c7843b93dd0,80.0000000000071
0x904505327ac551de0e33fa33d8c744f8ced5d171,80.00000000000706
0xfe5aeb9b2a76add65660c74b6e7bfe9f17652f1e,80.00000000000705
0xe02536ebda777d2b7eff618ab989beff772f8339,80.00000000000703
0x2c123fc5c27888571cd525e8ae9b0c5ff848386d,80.00000000000703
0x843cfe444bac3002c5f22ea188e58ffb034c20a6,80.00000000000703
0xda7d7a4640dfd472d243dceadf40d0e1db891afb,80.000000000007
0x66071ae6df1f13fe7bc8231bb9e3d2d10a6caa0b,80.00000000000699
0x6c5d0d9eb1243903775ffdbc8f5d29b04ce3670d,80.00000000000698
0xe480a4e6747bd295b42ace8cd99ed43f715fc58d,80.00000000000696
0xc25c0092307a5b8afd8a4bd01351a92579040951,80.00000000000696
0x7f633897726e571f94db88b80b7eeabe4c373ad6,80.00000000000696
0x9a7e2093092762d8c4caf2a947064d6762bc8c6a,80.00000000000692
0xe947e32c6e1cfa4b9406e736782df1446a5b189b,80.00000000000692
0x9dc0c0ad1d933564674aec4fe1ff3192b37a81d4,80.00000000000689
0xaf6726577d3cb47d18c970a2f0c25273461353cf,80.00000000000686
0x8b26754becb2f0b00f64a4345da8e0f53ddab673,80.00000000000685
0x4c77ca7ff8e548806fdc88e4dfa8ea1e493a450a,80.00000000000684
0xbbd6d2181d9ebcd98421cd336ace3db6984f4cdb,80.00000000000676
0x30b9498a2532f9af62d67a8cd7f55b708491e138,80.00000000000676
0x15d985498bddf6527e24f5e0748951d0e584180f,80.00000000000674
0xf5f141461e1178c80008772b8a2529aa12b436b8,80.00000000000672
0xd548635d7ccd743f4122a9f3eabc167cca854e48,80.00000000000671
0x9cc73367791fc0ca969b529b0b2856fa54c77723,80.00000000000666
0x23b8cca9b21c884a7ea65b527e88378643712acb,80.00000000000665
0xd53c6df718a779010b4867fa4b5e538fa6c85f04,80.00000000000661
0x328a05e9abdc9c453f39066f328d989b43aea87d,80.0000000000066
0x6ec25e69f054d97d652044d2d014fca9e4d15614,80.00000000000658
0x6ea1eadb60d3c33113862035cf99fdc3854ca85e,80.00000000000658
0x05796bd2c3adf94bb9aacbcb1ea0eff271f9f94b,80.00000000000658
0xaf7b0933517554a11ddac08a3a4db2f92beacac8,80.00000000000658
0xa70ac39d6e8a0bc2c142fd12dd3680d3ecf102e7,80.00000000000657
0x2848b9f2d4faebaa4838c41071684c70688b455d,80.00000000000657
0xd8ccd965274499eb658c2bf32d2bd2068d57968b,80.00000000000657
0xe70fe418032f3ce1fbdeb5508a0b7cccffda6d32,80.00000000000654
0x1fb2c3cecf36c593ba3a3481641724f39843dee5,80.00000000000654
0xe5818d70a9b5aed2bfde4e41fbcb07dd80f8fc84,80.00000000000651
0x0598df9ef51616e9c015a4f17918507259b22baf,80.00000000000651
0x22f31f4ea8aa7430053adcdc84756288237356fa,80.00000000000648
0xc4b485a4a6faf2a8e17a57f8ed198f058fe2b408,80.00000000000644
0x4bfc7f72b5fac39a48107436b8d0c1bb128de348,80.0000000000064
0x87dff96c4c59bd7a6f61a75778d1bcff51836923,80.00000000000638
0x69cc6a831de9902ec10c4882edaf9fd96cb65f0f,80.00000000000637
0x00b8fe7c85998bbab5e71d2378e927b554b6d78f,80.00000000000637
0x889fe741eb20370b599df70b2b8027becd919301,80.00000000000635
0x588b28d0cd30527fa600d18648e6ecf808ca7968,80.00000000000635
0x7196871ceb44f97eeb3d8a8c10cecc4f83193c49,80.00000000000634
0x76df399a821fd473b11c18e184beef4d3393ee67,80.00000000000632
0xe39c0980ddd653d2b185f910f4c6a68267213f72,80.00000000000628
0x7e5260d3df00287cfee9b2e6aa1b0e2ac28a3bc6,80.00000000000627
0x2ba5f3b881f280d844a3501de6597e876ef928a0,80.00000000000627
0x863b404527e514512e03286798037fa8749bf139,80.00000000000624
0xd3b2f23260ff1dd411a3e4db688c4a867ff589bf,80.00000000000622
0x0af86acf75cd7dc616b40dbe33da038c900964f5,80.00000000000621
0xe7e9ea373f253e71d12f6896785777a6a55189f4,80.0000000000062
0xe99379827cbf37c6c66c3bc99ba0eb5496468242,80.00000000000618
0x343b209d87f72ba773f89b8f5397c8600ca480a1,80.00000000000614
0x68683cfc9d020461a30b9b1871efe558d6360ce3,80.00000000000614
0x4a455167c7c6b2a19ccf4df017903850e0ae4b55,80.00000000000611
0x06a437b2afcd7b6261bc26399b30f0102eae3af0,80.0000000000061
0xbbe3d117dd3fcc321d60c86a4eb7495d5d7bc13c,80.0000000000061
0x9aed3348586d58a0caa3c0e2a51e383e1f9b30d9,80.00000000000608
0x153e016b77a1a0667af61c05187897075d526781,80.00000000000604
0xdfad3e4f73448f5c066ddb4dd5dfa4e60e4a4cba,80.00000000000604
0x9e910342eb75d25ed7d0e0c88bc95ae57d4ecf0e,80.000000000006
0x3b33b78c43cd7a2ffe6f86dfd5c9b3adf3d49a5b,80.00000000000598
0x467a54491b885ac859662135fe0e2e7e99060339,80.00000000000598
0x9ef190ae70ce60126d1899fe29645ade741eca58,80.00000000000594
0xfa688beeeab79e90e8103e5fec8f21369064b3b7,80.00000000000594
0x11692163d68a652e7a05c4a3ee0a6c02f9dc0393,80.00000000000593
0x9f8a99965a180142b3fed211cb3bb9d4b692661a,80.00000000000585
0x38e9df5cbda1dfed6f3e5be6596fd287630f4967,80.00000000000585
0x708416775b69e3d3d6c634ffdf91778a161d30bd,80.00000000000583
0x7c8dd864ded4030d42883b72dc7643bd7646f1ca,80.00000000000581
0xa4d85e12ca1cf12cbbebcade2319487d2f8b6437,80.00000000000581
0xce280f586671d3c09a772d3848040cee08676d29,80.00000000000578
0x6cc5764190a75f60faafad1b3fdcb6bf44ec9c58,80.00000000000578
0xb1fc02db47f5e75177952724b25f9be9d3e53629,80.00000000000578
0x35596ba3dabca38fdef7ba13161a968c1cfd22af,80.00000000000577
0xdf9c5f81a8e6cde664615adafbebf8ed64f0afe3,80.00000000000576
0x312e53d4196a13e53da3155fc2093ebcf69cd199,80.00000000000571
0x3386b40c77598a1824679c6ff96072aadc29688b,80.00000000000571
0x85e769a5efb61cfc6e2bed909b33cafffe0f926d,80.00000000000571
0xa2f927224bc3f920d8fc43424b28b723e66ec165,80.00000000000568
0x19b69ce3ac9de5fccdd27ee9a5fb1d5fe95ae2ad,80.00000000000568
0x41bd3d04aa81d580c0806faabe3a84728606e640,80.00000000000567
0xae57d075dd71ae20a1c9077a1ad9e286a6a644ec,80.00000000000567
0x170567524b6906c44563b0fe0a027f5d1ddd115f,80.00000000000566
0x07230c869ff3d22b407bd1ae04124f671a30e97e,80.00000000000566
0xc6e8accdfb5a93e170fcd71e7b662201e536bc68,80.00000000000564
0xf218466013f3957d307c72154dbe466da2aaec17,80.00000000000561
0xeeb22c2de2731e0fe65f56b0952e8d9309179d1b,80.00000000000558
0xdd8c96399d5c16456910e58837c2da8224568ccb,80.00000000000558
0xed7927e758b025c7ed1886c06bcdb49d2a43c44e,80.00000000000558
0x2d9792dcf111976f59c68a96377bfb427d51af03,80.00000000000557
0x4d16cf3c4f4baebf9d219578ae4e677c8716d4df,80.00000000000556
0x71ea19d4c54ce1656d693125d3974fcffda86aaa,80.00000000000554
0xaec0d9389d27359c4eda77a81eeb71b1e68c2ada,80.00000000000554
0xa1c86fa431f0462e86826d7a971b70cc7b92dc72,80.00000000000553
0xf4698ee4f8969ea513c3d15ab3b7e4814767c9ed,80.00000000000553
0xa002f7698a06a54e16da44a9974408c413eb0a65,80.00000000000551
0xb72491ba0884324ce1e52a7d65efc3997eab590b,80.0000000000055
0x88512e57cbe0926b034ba5437d07320c97dea378,80.00000000000547
0xa7942bb9f33148c4fb45779caf6ccd2477ef0885,80.00000000000547
0xde639b2b5a2e62ed843f52a1883f5c782cbfb54f,80.00000000000546
0x6459230a4d3be7f2ea5162fbb383c6feef88574e,80.00000000000546
0xa1d61cc13cc643d3bd1d8a04c6f9156b2639f15c,80.00000000000546
0x22613c2a7c378868e3beb6657d0853c397c0c744,80.00000000000541
0x1b05318c44ea1318ccf6bb831d6691b09cee339b,80.00000000000541
0xf8ec9ed2e49badf7157bbf0ddbc820c8f03d67bb,80.00000000000541
0x1302e7f449339b711edec50f80dc65610519f407,80.00000000000541
0x9c0c4313af95b484092fff6bce556e79f88e714c,80.00000000000541
0x341cef23e5b2906c652a78976e05cdff3137e0de,80.0000000000054
0xb3e3f98ff79cdf51ea39d99062817994d0e5c6d6,80.00000000000539
0x56280efc54a09dad7d3dc2b8d1136ad8b7a21ea7,80.00000000000537
0x276c15c99aae74c370ef3e718404caabb16428d2,80.00000000000537
0xd48f1a44e56526e96a983ff750559aa365810d5a,80.00000000000537
0x2743072b209ceb0698c27d917342e15f8993ae00,80.00000000000537
0xbb8f69fc5696e66d8b22f981f4833f3354d52e62,80.00000000000534
0x14442fb998b06b667fb515864d86c8e29944d2e3,80.00000000000534
0xd85c0a6b582aca62316a3c0231baf35529464837,80.00000000000533
0x49fc2a3e651e6a73c84b6cacc8280f5789ee8467,80.00000000000533
0x01c57220b9210c272ddcab9ad6794654c3b3d804,80.00000000000531
0xe42ec162dd9e75bcc8c331a0f5240958c2d3da00,80.00000000000531
0x2c6e8512d1cd7fc226ed359269c39a243bd0bb67,80.00000000000529
0x78fa4c9c658eaee2b9f89f5eeaebb1dedbf749b2,80.00000000000529
0x79fad9fc5ca80868a56a1824bd85b025f20b03a6,80.00000000000527
0x33b495480cdfab66790300d853f56452f9f96eed,80.00000000000526
0xacee7e48eb7ac0357d49d5c21cc4c1b5cb13cedb,80.00000000000523
0x88fb563c3ec904136666dc2e1ec5235a821ec9d0,80.00000000000522
0x233d326d1262f85ba075a5feae6ae9caf42c4cfc,80.00000000000522
0x1209d0b13e5cc5ae0687bf58e7690e2a163f1e0c,80.00000000000522
0xdd9a32ec852182e4381448d87212c768be0ccd05,80.0000000000052
0xc33d98e88682c883fe32b8f6620660692092d39f,80.00000000000519
0x6457993c3c44108ac04835f8f6c2acbaa29a1a03,80.00000000000517
0xfe6c952e93f0c613aa7784b58a35cdaa05c377f7,80.00000000000517
0x5d896e1ef2ee72bf57d62eeca85a5f643aaf565a,80.00000000000517
0x88edc1f879a90706b5ec331c24d76c579c889883,80.00000000000516
0x35e283f461a9ca2e3a5765e72815c8d1dcb66ad6,80.00000000000514
0xec6ec0230294d0f6d931dcf971676f049ec4edec,80.00000000000514
0x7a1fbccc781593de822e0547f8cdc6210c982d61,80.00000000000514
0x9c671ecf42501c241fd317a04b38e6c894f17b52,80.00000000000513
0xbe97034b366c81e2081b46bf703315aa4e981b76,80.00000000000513
0x7c1a7df1edfde3b98749fd0a8d48d2cd4508974e,80.00000000000512
0x0aa05126f46862cb8cc097a4d6f0f47ddfba0a7c,80.0000000000051
0xd262689d33d4cd4cee2ef498c636c90e2184e00c,80.00000000000509
0x84630bcf6f830752144595d9f7cfedd88b495db9,80.00000000000509
0xfcc08561b2ac9ccd118f71fcf0e92ebc4139761f,80.00000000000509
0x420ed47ea047f125cac67d0b7621c958444ed18a,80.00000000000509
0x48ebdc6b30ca34defebbccaccf6af1d70fb63bd4,80.00000000000509
0xb84792245a4f4cfc00aed0ce74df362023cdcc33,80.00000000000507
0xb277d98b101af4f1a1c7fe6d443f6993f1904237,80.00000000000507
0x9af999595a08210fcaa705f0491a800551f73388,80.00000000000507
0x1464d4e3c815de3028572b850c6c34dfc57e9320,80.00000000000507
0x2f3246fa8d5d8776c29cb5c8ff17cfbf8f0e3055,80.00000000000506
0x478571d10e2b3bfb2f46d0043c2da521644cc04d,80.00000000000506
0xd5a57e97c9532768a05f29f8c7c70bd990e01471,80.00000000000504
0x5785fd6a2c4e11a6f3cce7dad5700ca9db63bbdb,80.00000000000504
0xf41e0c2e9f80949212e1d72964ddc74bd38dcccb,80.00000000000503
0xdd5bf2495556d79b8c9c5c226c4b95f957be84bd,80.00000000000503
0x9b5ea8c719e29a5bd0959faf79c9e5c8206d0499,80.00000000000502
0x0c4b47d7eb199e6ed3bf0af6fe2ab33df7faeeeb,80.00000000000502
0x3980370c7fdd186e7453ec1ed5819ad2e3f8cf59,80.000000000005
0x8acce52bd8933076bd3aa64196c71e7a1b489ff6,80.000000000005
0x9bebc5bcea7c5fe51aaa33d25b8bc832c6feef16,80.00000000000499
0x4f266f295bad85436ecea51e0ae2afe82b11553b,80.00000000000499
0x2b08e4aad3b8d274bb44c1a21a32899b19e62b90,80.00000000000499
0x5a5703d59a4b08bf16d23aed1bc3d7ee95e37df7,80.00000000000497
0x54438f66e130c21d79ff9c52d37a144948770eaa,80.00000000000497
0x57321969cd276c33fd7b1a20b778447f05d9d7e5,80.00000000000497
0x3b7e36e449c705eff181d487326fee73e85f8ef2,80.00000000000496
0x361704661dd52228ca14ff17260a4df1da1463c4,80.00000000000496
0x50481e120c49588779bb110bb5a0d468661ca5a4,80.00000000000495
0xbe625e5055aa83748e67dae0ca8609729e01bde5,80.00000000000495
0x380e1eebcad7f1ecba500f3bde702af2701f8a78,80.00000000000495
0x55a3a6b5ad7797dbd4b39c59586804079a93b7f1,80.00000000000495
0xce5a6468880613aaa12b13c4d9f39a9419b2d5aa,80.00000000000495
0x6c259ea1fca0d1883e3fffddeb8a0719e1d7265f,80.00000000000493
0x40335581dd8692b698762168908d4ea23b0b94f9,80.00000000000493
0xd215a3c32826703d82eaa906238cb5b80d09b2b8,80.00000000000492
0xc46632acfc5fea89c82742fef3ebb166ed749faf,80.00000000000492
0x5b5d21f715565c17ad0f3c46dc93dd288129e8c5,80.00000000000492
0xc8bef1a50119389ae31d2e426f7c71bf8cc10def,80.00000000000492
0xc59508a291ce2a3bb3db6aabcaabb1c3ece79212,80.0000000000049
0xa1a5ba480fb12fa0219c75f1b617171cfe7081c4,80.0000000000049
0x38fb71db5975ae9adc1842bdc032a7b1ed10fc75,80.0000000000049
0xa624d8f472506c915e2e4f893dd1eb9a238f9c2b,80.0000000000049
0xe049c20cacbae52183c8d96ffd28e159a1cc7d41,80.00000000000489
0x59e3adae9267f874b175df394abc5fcd0fcf8175,80.00000000000486
0xe37eded7da9a72633db7409118555df90cb791f2,80.00000000000486
0x10e28beca706b1be2fc2f66b442e18a955e50d9d,80.00000000000486
0x7ce266ff85834cd6af06d583114f2552896844b9,80.00000000000486
0xc1dbba4ecec427456a06e6f78e0ac7ed7b5ca2b8,80.00000000000486
0x6fb42a09d22a7dd18650046a25f33b43bcbaa4e1,80.00000000000485
0x9aea42f8cedefaf8b4ee704f8bfe27247fd380a5,80.00000000000485
0xd14e31cc7a0bd4040d3bf58fbd45db5e82f5077f,80.00000000000485
0xf6a15689e5eafc0f0380202cbc54fe2cafd89a5f,80.00000000000485
0xa6e3475e2d4a9937b61be131407598ed188b54f3,80.00000000000485
0x53cad1487424a6e386f7791863b61802100fa091,80.00000000000485
0x4b8673ca1b5c9f08cfffce527fec9173c35e27f3,80.00000000000483
0xf75acb915a86f4061fffb5b03e532924aba0d1c6,80.00000000000483
0x785a80a8c590527e120453210e02792e4da1dbe5,80.00000000000483
0x64ead14ad73ac013dcfa181ca72c13e935fb3c13,80.00000000000483
0xea6316a4d76f803359761e56168456252bb1be0c,80.00000000000483
0x6efa1b7ecce517dc89a9f49b751bf412dd0fcaa7,80.00000000000483
0x44b5f2be03c8aead6a33a183ea603e4442ccff24,80.00000000000483
0x16476829349d47303eee9efe5616ba2f4925c1ab,80.00000000000482
0xd2a630451e597536a5850f34c48471bba9d11ea2,80.00000000000482
0x57db5d6aa783cf29af41330569d24957140fd3eb,80.00000000000482
0xe1b4541955adbf751f3ad479840eb028e4ebe9d0,80.00000000000482
0x8fe2bcf9c09d0e3a9f8a4d9e76b13ad605dc7810,80.0000000000048
0x1055b1ba704158d78672179c61ef77eff2af6021,80.0000000000048
0x4b38d3b4fb1e5a7674b486a89aed5cba5614613c,80.0000000000048
0x3b007267adb69280e807c4b702ccb7c258b74524,80.0000000000048
0x3f7c514ebc4ecacafb6545bfe6a38ce4ec531ef4,80.0000000000048
0xc15753ae3b6099b8a3366b836433d6542645b876,80.00000000000479
0xef73776fe0820387cb210c185d440e60648d53f8,80.00000000000479
0x8823771f2a9a66214d0a9788fa98eb7cb1b13651,80.00000000000479
0x10f363d941352887cd28d47e85e19e124ba5ffd5,80.00000000000479
0x0a20ba37809ba3130fd7cb3b9e259e94ea4032c1,80.00000000000479
0x0a4fdf616931a5ec9df8958a8cbce5a86acf179e,80.00000000000477
0xe4e9bb2c6aabcae687352ba00214771dcd538a35,80.00000000000477
0xc5b47711180835657c5471dd49590f9b96e4755e,80.00000000000477
0xdc0938acd66f29a27c21aeac2f222ad0edcbc320,80.00000000000477
0xdef8dccfbfeed03f304fc592067a7b8e3b69e8f4,80.00000000000477
0x6ce6afadd15996a6c3f3469105cb17e70b2d14f4,80.00000000000477
0x33f74d6e20df313d22916d8a398de8b818ddc452,80.00000000000476
0x60b3c1a240ad3322fe85c30fff07ad29a7b1e578,80.00000000000476
0x9ba6a2ee33bf0e65c2b4e43acdfd73ffff033100,80.00000000000476
0xa0be3432ffc5738cc23bef85ec69884c7d81b15e,80.00000000000476
0xb7f8a5bcf79b6bd38c7b2a650d6a3301dc6293cd,80.00000000000476
0x229229284c0ea7c2a898765a5652fc03f0e35293,80.00000000000476
0x6f2c254674e6439fa8b85abe29d8fd13bf5d6d7b,80.00000000000475
0xec3ca7ceb5c328c2f3a4d12e508afacbfc3ed087,80.00000000000475
0x0c4861b8dec21ea2d4dc1e35ccda362cd73e1047,80.00000000000475
0x724487f080c9d5a808cfb4ef04402c9a4089563e,80.00000000000475
0x9abdcb8825696cc2ef3a0a955f99850418847f5d,80.00000000000475
0x003dc32fe920a4aaeed12dc87e145f030aa753f3,80.00000000000475
0x4ca551bf65e13dc56a8d3b75da7694da3230af8e,80.00000000000475
0x27be4acb4e615b3f5e9b171eba3d88efb24a76a8,80.00000000000473
0x51261de669c550db1752b2156796aea7f1e4f0ee,80.00000000000473
0x45c8cdae08b5c8630673a73ff9301fbded9cae84,80.00000000000473
0x171c4de8bc086e867f75e61c828a0c158e6a39f6,80.00000000000473
0xb66fc1723a0ad57d2ac4c7fa9ff7afb803064873,80.00000000000473
0x2076a228e6eb670fd1c604de574d555476520db7,80.00000000000473
0xe5998869c7ec6b901bc99eb4ea7c38fa5020f4e6,80.00000000000473
0x27e0b49f5306b45d13fd1c94700d465e3027cdd2,80.00000000000473
0x36bc1e767ff57bd9e3e46f5cb996a5a1cf10a439,80.00000000000473
0x5d4a6f3e4313690d3b9a146d0aeae65e6c3a2e8b,80.00000000000473
0x8d54501ce5b8ad9ca847101e3e029d8761fa469b,80.00000000000473
0x51e8a506b78c957081bb979b52f94ebfdf422a54,80.00000000000473
0xa50ecb238bfa1b1c9050c58cf3e99c99260c4ed1,80.00000000000473
0xd80e2bff41a86ea2aa37937fb6644e7712aff9a0,80.00000000000473
0x8ed36fcf115c23823d28820cfa154ddbaa923f95,80.00000000000473
0xb48be7b7c26e05faa394bfe78a5bf413414becc4,80.00000000000472
0x1cfb8a2e4c2e849593882213b2468e369271dad2,80.00000000000472
0x95655aae7f5079ac99d640f5b3633156b41e7108,80.00000000000472
0xe19df0e979cf3d9c4b3716d9ff3881b784899026,80.00000000000472
0xd4e09cbaee9b6099ce7f5077dbcb30017da2b2f6,80.00000000000472
0x55feb1e97735d9c64f4764fec77e5b8ffac55ad6,80.00000000000472
0x57b1f57a5016241d6f61e725ef06f9cdf4174cf2,80.00000000000472
0x20a372f22493279f89526a1f5d525d6c6b4abeea,80.00000000000472
0x9c55e2a62b256219a496ec1741ad048039aa6f93,80.00000000000472
0x1aa328d59b2496bc056980b03a02aec376f5662d,80.0000000000047
0x36ebc470b2233128c020db61d5d97bc6c37eafef,80.0000000000047
0xa5556c6f9eb72c68e92bdeacf70cea9fc9ecc7ee,80.0000000000047
0x080c1ee5df627c56a849a04c46af1f533ee290bc,80.0000000000047
0x35fb598a156a57773c8d24bc3d0ab61178d8bcea,80.00000000000469
0xabbb893e909a74d29e624e27220a8e4e7eed8b1c,80.00000000000469
0xb863d861681f58942d973837663374a37839064e,80.00000000000469
0x9079a0a7e0ebee7650c8c9da2b6946e5a5b07c19,80.00000000000469
0xf49cd0c93c2420aa56ce284e3cad35d90b3499c2,80.00000000000469
0xd104df3389b4feebbb67375dbe660edaa2cde1bd,80.00000000000469
0x08c8107fd614fe75fb8212cfac0b5d204d9b37fa,80.00000000000469
0xcbc001f31dae2e1e657caeed56003835a58420da,80.00000000000469
0x084f6dda712985b973e227a521aa7be6465c51f0,80.00000000000469
0x3031c60ce97fb40b4b5182a1c3ab25979ceb953d,80.00000000000469
0xe670fbc2e707b7c269696331017438cf0084cfb1,80.00000000000469
0x4246719224a582c307dcb84cbd7f41ceadb9a36d,80.00000000000469
0x9f45cea48c927040e4fa3da8631b47eb5f5364ae,80.00000000000468
0x47bba01580830acc3c6362af6386a764f6d6a492,80.00000000000468
0x941cb0e5466f4d21e13164953e3b740f2dc8d872,80.00000000000468
0xff0690db4f3225a5fa6b89324c72a9c6c8811089,80.00000000000468
0xdc494a059d259a90230fd7223565981c4065dfae,80.00000000000468
0x9ebf36d5d78e29128724b9298020870ef9e4f83f,80.00000000000468
0xabf475bae63395c96916a27ebcc0fc70ba5f4e64,80.00000000000468
0x88d5f2d82ecc568c2f62c479d1a13a6957d948cf,80.00000000000468
0x39415255619783a2e71fcf7d8f708a951d92e1b6,80.00000000000468
0xa762aaa243186368ce1ef046eab37e5e733e7254,80.00000000000468
0xcf41c814f01bbe36bcebef5489f8f1de2d776b6f,80.00000000000468
0x3c6b3b22429addfc44a9d42901390ed751a5a238,80.00000000000466
0x7a0fbb294741a4d08ebc09e8937c44b87c4c0b85,80.00000000000466
0x47419c4bd7cfdc402a612ddc08d25f0c7d6ed447,80.00000000000466
0x47704f12638bfed418133c750be2a6afbd71ccf5,80.00000000000466
0x818f3fa1008b355a85e9f78004ca09ce3e8e5e1d,80.00000000000466
0xf0e2c7e7266fb19f8a4118670ce50e95c4c87790,80.00000000000466
0xfbf7e7fe0c5db8d76012e0b56528477841314835,80.00000000000466
0x1f9aa698b3781ea29878036773a0df87f5325d98,80.00000000000466
0x35b6148b640b40f60c55ee3996be795245adc8b2,80.00000000000466
0xbc6ac7f8f5f8b2ff56bf5ab75b1d0bd5108a18e3,80.00000000000466
0x86121466c57705dba9a4753ed55e95ef72e4f6e1,80.00000000000466
0x93f619e8f25df20b047ce579a3bb062e4754428b,80.00000000000466
0xeba9d7523c1842907587c92dedccbeff49c9ad77,80.00000000000466
0x5ef944257cb567d3040489f547012e59a96a11e3,80.00000000000466
